id,enemyId,drop,minGold,maxGold,comment
0,0,0|0.25/1622|0.25,30,50,25% 녹슨 단검 25% 제작 재료 상자 
1,-1,630|0.002/730|0.002/830|0.002/930|0.002/1030|0.002/610|0.034/620|0.034/710|0.034/720|0.034/810|0.034/820|0.034/910|0.034/920|0.034/1010|0.034/1020|0.034/600|0.13/700|0.13/800|0.13/900|0.13/1000|0.13,0,0,희귀 0.01/고급 0.34/일반 0.65/희귀 5종 고급 10종 일반 5종
2,-1,30|0.00125/40|0.00125/130|0.00125/140|0.00125/230|0.00125/240|0.00125/330|0.00125/340|0.00125/10|0.0425/20|0.0425/110|0.0425/120|0.0425/210|0.0425/220|0.0425/310|0.0425/320|0.0425/0|0.1625/100|0.1625/200|0.1625/300|0.1625,0,0,희귀 0.01 (8) / 고급 8 0.34 (8) / 일반 4 0.65 (4)
3,-1,1600|0.25/1602|0.25/1604|0.25/1606|0.25,0,0,제작 재료 4종 25퍼
